formula,CN,predicted_energy,error
Au3BO10Pt4,4,1.2014687,0.0014687061309814897
Au3BO10Pt3,4,1.2040205,0.004020500183105513
BO10Sc3Zn4,3,1.2057295,0.005729484558105513
Au2BO10Pt4,4,1.2066882,0.006688165664672896
BO10Sc3Zn4,4,1.2067322,0.006732153892517134
BFe3O10Zn4,2,1.1929357,0.007064294815063432
Au3BO10Zn4,2,1.1914752,0.008524847030639604
Au2BO10Pt4,3,1.1913277,0.00867230892181392
Au3BCa4O10,2,1.2087501,0.00875012874603276
Au3BO10Pt3,3,1.1903577,0.009642314910888627
Au3BO10Pt2,2,1.2133677,0.013367700576782271
Au3BO10Pt4,3,1.1861082,0.013891768455505327
BO10Pt4,2,1.2153409,0.015340852737426802
BLi3O10Pt4,4,1.1801903,0.01980967521667476
Au3CoO10Pt4,3,1.2198597,0.019859719276428267
Au3IrO10Pt4,3,1.2198597,0.019859719276428267
Au3BO10Pt6,3,1.2214246,0.021424579620361373
BLi3O10Pt4,3,1.17749,0.022510004043579057
Au4BO10Pt4,3,1.223743,0.023742961883544966
AuBO10Pt4,4,1.1758947,0.024105262756347612
